file_name,year_of_source_data
Australia_country_level_age_distribution_85.csv,2011.0
Australia_subnational_Australian_Capital_Territory_age_distribution_18.csv,2011.0
Australia_subnational_Australian_Capital_Territory_age_distribution_85.csv,2011.0
Australia_subnational_New_South_Wales_age_distribution_18.csv,2011.0
Australia_subnational_New_South_Wales_age_distribution_85.csv,2011.0
Australia_subnational_Northern_Territory_age_distribution_18.csv,2011.0
Australia_subnational_Northern_Territory_age_distribution_85.csv,2011.0
Australia_subnational_Queensland_age_distribution_18.csv,2011.0
Australia_subnational_Queensland_age_distribution_85.csv,2011.0
Australia_subnational_South_Australia_age_distribution_18.csv,2011.0
Australia_subnational_South_Australia_age_distribution_85.csv,2011.0
Australia_subnational_Tasmania_age_distribution_18.csv,2011.0
Australia_subnational_Tasmania_age_distribution_85.csv,2011.0
Australia_subnational_Victoria_age_distribution_18.csv,2011.0
Australia_subnational_Victoria_age_distribution_85.csv,2011.0
Australia_subnational_Western_Australia_age_distribution_18.csv,2011.0
Australia_subnational_Western_Australia_age_distribution_85.csv,2011.0
Austria_country_level_age_distribution_18.csv,2011.0
Austria_country_level_age_distribution_85.csv,2011.0
Bulgaria_country_level_age_distribution_18.csv,2011.0
Bulgaria_country_level_age_distribution_85.csv,2011.0
Canada_country_level_age_distribution_85.csv,2011.0
Canada_subnational_Alberta_age_distribution_18.csv,2011.0
Canada_subnational_Alberta_age_distribution_85.csv,2011.0
Canada_subnational_British_Columbia_age_distribution_18.csv,2011.0
Canada_subnational_British_Columbia_age_distribution_85.csv,2011.0
Canada_subnational_Manitoba_age_distribution_18.csv,2011.0
Canada_subnational_Manitoba_age_distribution_85.csv,2011.0
Canada_subnational_New_Brunswick_age_distribution_18.csv,2011.0
Canada_subnational_New_Brunswick_age_distribution_85.csv,2011.0
Canada_subnational_Newfoundland_and_Labrador_age_distribution_18.csv,2011.0
Canada_subnational_Newfoundland_and_Labrador_age_distribution_85.csv,2011.0
Canada_subnational_Northwest_Territories_age_distribution_18.csv,2011.0
Canada_subnational_Northwest_Territories_age_distribution_85.csv,2011.0
Canada_subnational_Nova_Scotia_age_distribution_18.csv,2011.0
Canada_subnational_Nova_Scotia_age_distribution_85.csv,2011.0
Canada_subnational_Nunavut_age_distribution_18.csv,2011.0
Canada_subnational_Nunavut_age_distribution_85.csv,2011.0
Canada_subnational_Ontario_age_distribution_18.csv,2011.0
Canada_subnational_Ontario_age_distribution_85.csv,2011.0
Canada_subnational_Prince_Edward_Island_age_distribution_18.csv,2011.0
Canada_subnational_Prince_Edward_Island_age_distribution_85.csv,2011.0
Canada_subnational_Quebec_age_distribution_18.csv,2011.0
Canada_subnational_Quebec_age_distribution_85.csv,2011.0
Canada_subnational_Saskatchewan_age_distribution_18.csv,2011.0
Canada_subnational_Saskatchewan_age_distribution_85.csv,2011.0
Canada_subnational_Yukon_age_distribution_18.csv,2011.0
Canada_subnational_Yukon_age_distribution_85.csv,2011.0
China_country_level_age_distribution_85.csv,2010.0
China_subnational_Anhui_age_distribution_18.csv,2010.0
China_subnational_Anhui_age_distribution_85.csv,2010.0
China_subnational_Beijing_age_distribution_18.csv,2010.0
China_subnational_Beijing_age_distribution_85.csv,2010.0
China_subnational_Chongqing_age_distribution_18.csv,2010.0
China_subnational_Chongqing_age_distribution_85.csv,2010.0
China_subnational_Fujian_age_distribution_18.csv,2010.0
China_subnational_Fujian_age_distribution_85.csv,2010.0
China_subnational_Gansu_age_distribution_18.csv,2010.0
China_subnational_Gansu_age_distribution_85.csv,2010.0
China_subnational_Guangdong_age_distribution_18.csv,2010.0
China_subnational_Guangdong_age_distribution_85.csv,2010.0
China_subnational_Guangxi_age_distribution_18.csv,2010.0
China_subnational_Guangxi_age_distribution_85.csv,2010.0
China_subnational_Guizhou_age_distribution_18.csv,2010.0
China_subnational_Guizhou_age_distribution_85.csv,2010.0
China_subnational_Hainan_age_distribution_18.csv,2010.0
China_subnational_Hainan_age_distribution_85.csv,2010.0
China_subnational_Hebei_age_distribution_18.csv,2010.0
China_subnational_Hebei_age_distribution_85.csv,2010.0
China_subnational_Heilongjiang_age_distribution_18.csv,2010.0
China_subnational_Heilongjiang_age_distribution_85.csv,2010.0
China_subnational_Henan_age_distribution_18.csv,2010.0
China_subnational_Henan_age_distribution_85.csv,2010.0
China_subnational_Hubei_age_distribution_18.csv,2010.0
China_subnational_Hubei_age_distribution_85.csv,2010.0
China_subnational_Hunan_age_distribution_18.csv,2010.0
China_subnational_Hunan_age_distribution_85.csv,2010.0
China_subnational_Inner_Mongolia_age_distribution_18.csv,2010.0
China_subnational_Inner_Mongolia_age_distribution_85.csv,2010.0
China_subnational_Jiangsu_age_distribution_18.csv,2010.0
China_subnational_Jiangsu_age_distribution_85.csv,2010.0
China_subnational_Jiangxi_age_distribution_18.csv,2010.0
China_subnational_Jiangxi_age_distribution_85.csv,2010.0
China_subnational_Jilin_age_distribution_18.csv,2010.0
China_subnational_Jilin_age_distribution_85.csv,2010.0
China_subnational_Liaoning_age_distribution_18.csv,2010.0
China_subnational_Liaoning_age_distribution_85.csv,2010.0
China_subnational_Ningxia_age_distribution_18.csv,2010.0
China_subnational_Ningxia_age_distribution_85.csv,2010.0
China_subnational_Qinghai_age_distribution_18.csv,2010.0
China_subnational_Qinghai_age_distribution_85.csv,2010.0
China_subnational_Shaanxi_age_distribution_18.csv,2010.0
China_subnational_Shaanxi_age_distribution_85.csv,2010.0
China_subnational_Shandong_age_distribution_18.csv,2010.0
China_subnational_Shandong_age_distribution_85.csv,2010.0
China_subnational_Shanghai_age_distribution_18.csv,2010.0
China_subnational_Shanghai_age_distribution_85.csv,2010.0
China_subnational_Shanxi_age_distribution_18.csv,2010.0
China_subnational_Shanxi_age_distribution_85.csv,2010.0
China_subnational_Sichuan_age_distribution_18.csv,2010.0
China_subnational_Sichuan_age_distribution_85.csv,2010.0
China_subnational_Tianjin_age_distribution_18.csv,2010.0
China_subnational_Tianjin_age_distribution_85.csv,2010.0
China_subnational_Tibet_age_distribution_18.csv,2010.0
China_subnational_Tibet_age_distribution_85.csv,2010.0
China_subnational_Xinjiang_age_distribution_18.csv,2010.0
China_subnational_Xinjiang_age_distribution_85.csv,2010.0
China_subnational_Yunnan_age_distribution_18.csv,2010.0
China_subnational_Yunnan_age_distribution_85.csv,2010.0
China_subnational_Zhejiang_age_distribution_18.csv,2010.0
China_subnational_Zhejiang_age_distribution_85.csv,2010.0
Cyprus_country_level_age_distribution_18.csv,2011.0
Cyprus_country_level_age_distribution_85.csv,2011.0
Czech_country_level_age_distribution_18.csv,2011.0
Czech_country_level_age_distribution_85.csv,2011.0
Denmark_country_level_age_distribution_18.csv,2011.0
Denmark_country_level_age_distribution_85.csv,2011.0
Estonia_country_level_age_distribution_18.csv,2011.0
Estonia_country_level_age_distribution_85.csv,2011.0
Finland_country_level_age_distribution_18.csv,2011.0
Finland_country_level_age_distribution_85.csv,2011.0
France_country_level_age_distribution_18.csv,2011.0
France_country_level_age_distribution_85.csv,2011.0
Germany_country_level_age_distribution_18.csv,2011.0
Germany_country_level_age_distribution_85.csv,2011.0
Greece_country_level_age_distribution_18.csv,2011.0
Greece_country_level_age_distribution_85.csv,2011.0
Hungary_country_level_age_distribution_18.csv,2011.0
Hungary_country_level_age_distribution_85.csv,2011.0
India_country_level_age_distribution_85.csv,2011.0
India_subnational_Andaman_and_Nicobar_Islands_age_distribution_18.csv,2011.0
India_subnational_Andaman_and_Nicobar_Islands_age_distribution_85.csv,2011.0
India_subnational_Andhra_Pradesh_age_distribution_18.csv,2011.0
India_subnational_Andhra_Pradesh_age_distribution_85.csv,2011.0
India_subnational_Arunachal_Pradesh_age_distribution_18.csv,2011.0
India_subnational_Arunachal_Pradesh_age_distribution_85.csv,2011.0
India_subnational_Assam_age_distribution_18.csv,2011.0
India_subnational_Assam_age_distribution_85.csv,2011.0
India_subnational_Bihar_age_distribution_18.csv,2011.0
India_subnational_Bihar_age_distribution_85.csv,2011.0
India_subnational_Chhattisgarh_age_distribution_18.csv,2011.0
India_subnational_Chhattisgarh_age_distribution_85.csv,2011.0
India_subnational_Daman_and_Diu_age_distribution_18.csv,2011.0
India_subnational_Daman_and_Diu_age_distribution_85.csv,2011.0
India_subnational_Goa_age_distribution_18.csv,2011.0
India_subnational_Goa_age_distribution_85.csv,2011.0
India_subnational_Gujarat_age_distribution_18.csv,2011.0
India_subnational_Gujarat_age_distribution_85.csv,2011.0
India_subnational_Haryana_age_distribution_18.csv,2011.0
India_subnational_Haryana_age_distribution_85.csv,2011.0
India_subnational_Himachal_Pradesh_age_distribution_18.csv,2011.0
India_subnational_Himachal_Pradesh_age_distribution_85.csv,2011.0
India_subnational_Jammu_and_Kashmir_age_distribution_18.csv,2011.0
India_subnational_Jammu_and_Kashmir_age_distribution_85.csv,2011.0
India_subnational_Jharkhand_age_distribution_18.csv,2011.0
India_subnational_Jharkhand_age_distribution_85.csv,2011.0
India_subnational_Karnataka_age_distribution_18.csv,2011.0
India_subnational_Karnataka_age_distribution_85.csv,2011.0
India_subnational_Kerala_age_distribution_18.csv,2011.0
India_subnational_Kerala_age_distribution_85.csv,2011.0
India_subnational_Madhya_Pradesh_age_distribution_18.csv,2011.0
India_subnational_Madhya_Pradesh_age_distribution_85.csv,2011.0
India_subnational_Maharashtra_age_distribution_18.csv,2011.0
India_subnational_Maharashtra_age_distribution_85.csv,2011.0
India_subnational_Manipur_age_distribution_18.csv,2011.0
India_subnational_Manipur_age_distribution_85.csv,2011.0
India_subnational_Meghalaya_age_distribution_18.csv,2011.0
India_subnational_Meghalaya_age_distribution_85.csv,2011.0
India_subnational_Mizoram_age_distribution_18.csv,2011.0
India_subnational_Mizoram_age_distribution_85.csv,2011.0
India_subnational_Nagaland_age_distribution_18.csv,2011.0
India_subnational_Nagaland_age_distribution_85.csv,2011.0
India_subnational_Nct_of_Delhi_age_distribution_18.csv,2011.0
India_subnational_Nct_of_Delhi_age_distribution_85.csv,2011.0
India_subnational_Odisha_age_distribution_18.csv,2011.0
India_subnational_Odisha_age_distribution_85.csv,2011.0
India_subnational_Puducherry_age_distribution_18.csv,2011.0
India_subnational_Puducherry_age_distribution_85.csv,2011.0
India_subnational_Punjab_age_distribution_18.csv,2011.0
India_subnational_Punjab_age_distribution_85.csv,2011.0
India_subnational_Rajasthan_age_distribution_18.csv,2011.0
India_subnational_Rajasthan_age_distribution_85.csv,2011.0
India_subnational_Sikkim_age_distribution_18.csv,2011.0
India_subnational_Sikkim_age_distribution_85.csv,2011.0
India_subnational_Tamil_Nadu_age_distribution_18.csv,2011.0
India_subnational_Tamil_Nadu_age_distribution_85.csv,2011.0
India_subnational_Tripura_age_distribution_18.csv,2011.0
India_subnational_Tripura_age_distribution_85.csv,2011.0
India_subnational_Uttar_Pradesh_age_distribution_18.csv,2011.0
India_subnational_Uttar_Pradesh_age_distribution_85.csv,2011.0
India_subnational_Uttarakhand_age_distribution_18.csv,2011.0
India_subnational_Uttarakhand_age_distribution_85.csv,2011.0
India_subnational_West_Bengal_age_distribution_18.csv,2011.0
India_subnational_West_Bengal_age_distribution_85.csv,2011.0
Ireland_country_level_age_distribution_18.csv,2011.0
Ireland_country_level_age_distribution_85.csv,2011.0
Israel_country_level_age_distribution_18.csv,2008.0
Israel_country_level_age_distribution_85.csv,2008.0
Italy_country_level_age_distribution_18.csv,2011.0
Italy_country_level_age_distribution_85.csv,2011.0
Japan_country_level_age_distribution_85.csv,2010.0
Japan_subnational_Aichi-ken_age_distribution_18.csv,2010.0
Japan_subnational_Aichi-ken_age_distribution_85.csv,2010.0
Japan_subnational_Akita-ken_age_distribution_18.csv,2010.0
Japan_subnational_Akita-ken_age_distribution_85.csv,2010.0
Japan_subnational_Aomori-ken_age_distribution_18.csv,2010.0
Japan_subnational_Aomori-ken_age_distribution_85.csv,2010.0
Japan_subnational_Chiba-ken_age_distribution_18.csv,2010.0
Japan_subnational_Chiba-ken_age_distribution_85.csv,2010.0
Japan_subnational_Ehime-ken_age_distribution_18.csv,2010.0
Japan_subnational_Ehime-ken_age_distribution_85.csv,2010.0
Japan_subnational_Fukui-ken_age_distribution_18.csv,2010.0
Japan_subnational_Fukui-ken_age_distribution_85.csv,2010.0
Japan_subnational_Fukuoka-ken_age_distribution_18.csv,2010.0
Japan_subnational_Fukuoka-ken_age_distribution_85.csv,2010.0
Japan_subnational_Fukushima-ken_age_distribution_18.csv,2010.0
Japan_subnational_Fukushima-ken_age_distribution_85.csv,2010.0
Japan_subnational_Gifu-ken_age_distribution_18.csv,2010.0
Japan_subnational_Gifu-ken_age_distribution_85.csv,2010.0
Japan_subnational_Gumma-ken_age_distribution_18.csv,2010.0
Japan_subnational_Gumma-ken_age_distribution_85.csv,2010.0
Japan_subnational_Hiroshima-ken_age_distribution_18.csv,2010.0
Japan_subnational_Hiroshima-ken_age_distribution_85.csv,2010.0
Japan_subnational_Hokkaido_age_distribution_18.csv,2010.0
Japan_subnational_Hokkaido_age_distribution_85.csv,2010.0
Japan_subnational_Hyogo-ken_age_distribution_18.csv,2010.0
Japan_subnational_Hyogo-ken_age_distribution_85.csv,2010.0
Japan_subnational_Ibaraki-ken_age_distribution_18.csv,2010.0
Japan_subnational_Ibaraki-ken_age_distribution_85.csv,2010.0
Japan_subnational_Ishikawa-ken_age_distribution_18.csv,2010.0
Japan_subnational_Ishikawa-ken_age_distribution_85.csv,2010.0
Japan_subnational_Iwate-ken_age_distribution_18.csv,2010.0
Japan_subnational_Iwate-ken_age_distribution_85.csv,2010.0
Japan_subnational_Kagawa-ken_age_distribution_18.csv,2010.0
Japan_subnational_Kagawa-ken_age_distribution_85.csv,2010.0
Japan_subnational_Kagoshima-ken_age_distribution_18.csv,2010.0
Japan_subnational_Kagoshima-ken_age_distribution_85.csv,2010.0
Japan_subnational_Kanagawa-ken_age_distribution_18.csv,2010.0
Japan_subnational_Kanagawa-ken_age_distribution_85.csv,2010.0
Japan_subnational_Kochi-ken_age_distribution_18.csv,2010.0
Japan_subnational_Kochi-ken_age_distribution_85.csv,2010.0
Japan_subnational_Kumamoto-ken_age_distribution_18.csv,2010.0
Japan_subnational_Kumamoto-ken_age_distribution_85.csv,2010.0
Japan_subnational_Kyoto-fu_age_distribution_18.csv,2010.0
Japan_subnational_Kyoto-fu_age_distribution_85.csv,2010.0
Japan_subnational_Mie-ken_age_distribution_18.csv,2010.0
Japan_subnational_Mie-ken_age_distribution_85.csv,2010.0
Japan_subnational_Miyagi-ken_age_distribution_18.csv,2010.0
Japan_subnational_Miyagi-ken_age_distribution_85.csv,2010.0
Japan_subnational_Miyazaki-ken_age_distribution_18.csv,2010.0
Japan_subnational_Miyazaki-ken_age_distribution_85.csv,2010.0
Japan_subnational_Nagano-ken_age_distribution_18.csv,2010.0
Japan_subnational_Nagano-ken_age_distribution_85.csv,2010.0
Japan_subnational_Nagasaki-ken_age_distribution_18.csv,2010.0
Japan_subnational_Nagasaki-ken_age_distribution_85.csv,2010.0
Japan_subnational_Nara-ken_age_distribution_18.csv,2010.0
Japan_subnational_Nara-ken_age_distribution_85.csv,2010.0
Japan_subnational_Niigata-ken_age_distribution_18.csv,2010.0
Japan_subnational_Niigata-ken_age_distribution_85.csv,2010.0
Japan_subnational_Oita-ken_age_distribution_18.csv,2010.0
Japan_subnational_Oita-ken_age_distribution_85.csv,2010.0
Japan_subnational_Okayama-ken_age_distribution_18.csv,2010.0
Japan_subnational_Okayama-ken_age_distribution_85.csv,2010.0
Japan_subnational_Okinawa-ken_age_distribution_18.csv,2010.0
Japan_subnational_Okinawa-ken_age_distribution_85.csv,2010.0
Japan_subnational_Osaka-fu_age_distribution_18.csv,2010.0
Japan_subnational_Osaka-fu_age_distribution_85.csv,2010.0
Japan_subnational_Saga-ken_age_distribution_18.csv,2010.0
Japan_subnational_Saga-ken_age_distribution_85.csv,2010.0
Japan_subnational_Saitama-ken_age_distribution_18.csv,2010.0
Japan_subnational_Saitama-ken_age_distribution_85.csv,2010.0
Japan_subnational_Shiga-ken_age_distribution_18.csv,2010.0
Japan_subnational_Shiga-ken_age_distribution_85.csv,2010.0
Japan_subnational_Shimane-ken_age_distribution_18.csv,2010.0
Japan_subnational_Shimane-ken_age_distribution_85.csv,2010.0
Japan_subnational_Shizuoka-ken_age_distribution_18.csv,2010.0
Japan_subnational_Shizuoka-ken_age_distribution_85.csv,2010.0
Japan_subnational_Tochigi-ken_age_distribution_18.csv,2010.0
Japan_subnational_Tochigi-ken_age_distribution_85.csv,2010.0
Japan_subnational_Tokushima-ken_age_distribution_18.csv,2010.0
Japan_subnational_Tokushima-ken_age_distribution_85.csv,2010.0
Japan_subnational_Tokyo-to_age_distribution_18.csv,2010.0
Japan_subnational_Tokyo-to_age_distribution_85.csv,2010.0
Japan_subnational_Tottori-ken_age_distribution_18.csv,2010.0
Japan_subnational_Tottori-ken_age_distribution_85.csv,2010.0
Japan_subnational_Toyama-ken_age_distribution_18.csv,2010.0
Japan_subnational_Toyama-ken_age_distribution_85.csv,2010.0
Japan_subnational_Wakayama-ken_age_distribution_18.csv,2010.0
Japan_subnational_Wakayama-ken_age_distribution_85.csv,2010.0
Japan_subnational_Yamagata-ken_age_distribution_18.csv,2010.0
Japan_subnational_Yamagata-ken_age_distribution_85.csv,2010.0
Japan_subnational_Yamaguchi-ken_age_distribution_18.csv,2010.0
Japan_subnational_Yamaguchi-ken_age_distribution_85.csv,2010.0
Japan_subnational_Yamanashi-ken_age_distribution_18.csv,2010.0
Japan_subnational_Yamanashi-ken_age_distribution_85.csv,2010.0
Latvia_country_level_age_distribution_18.csv,2011.0
Latvia_country_level_age_distribution_85.csv,2011.0
Lithuania_country_level_age_distribution_18.csv,2011.0
Lithuania_country_level_age_distribution_85.csv,2011.0
Luxembourg_country_level_age_distribution_18.csv,2011.0
Luxembourg_country_level_age_distribution_85.csv,2011.0
Netherlands_country_level_age_distribution_18.csv,2011.0
Netherlands_country_level_age_distribution_85.csv,2011.0
Norway_country_level_age_distribution_18.csv,2011.0
Norway_country_level_age_distribution_85.csv,2011.0
Portugal_country_level_age_distribution_18.csv,2011.0
Portugal_country_level_age_distribution_85.csv,2011.0
Romania_country_level_age_distribution_18.csv,2011.0
Romania_country_level_age_distribution_85.csv,2011.0
Russia_subnational_Adygea_age_distribution_18.csv,2010.0
Russia_subnational_Adygea_age_distribution_85.csv,2010.0
Russia_subnational_Altai_Krai_age_distribution_18.csv,2010.0
Russia_subnational_Altai_Krai_age_distribution_85.csv,2010.0
Russia_subnational_Altai_Republic_age_distribution_18.csv,2010.0
Russia_subnational_Altai_Republic_age_distribution_85.csv,2010.0
Russia_subnational_Amur_Oblast_age_distribution_18.csv,2010.0
Russia_subnational_Amur_Oblast_age_distribution_85.csv,2010.0
Russia_subnational_Arkhangelsk_Oblast_age_distribution_18.csv,2010.0
Russia_subnational_Arkhangelsk_Oblast_age_distribution_85.csv,2010.0
Russia_subnational_Astrakhan_Oblast_age_distribution_18.csv,2010.0
Russia_subnational_Astrakhan_Oblast_age_distribution_85.csv,2010.0
Russia_subnational_Bashkortostan_age_distribution_18.csv,2010.0
Russia_subnational_Bashkortostan_age_distribution_85.csv,2010.0
Russia_subnational_Belgorod_Oblast_age_distribution_18.csv,2010.0
Russia_subnational_Belgorod_Oblast_age_distribution_85.csv,2010.0
Russia_subnational_Bryansk_Oblast_age_distribution_18.csv,2010.0
Russia_subnational_Bryansk_Oblast_age_distribution_85.csv,2010.0
Russia_subnational_Buryatia_age_distribution_18.csv,2010.0
Russia_subnational_Buryatia_age_distribution_85.csv,2010.0
Russia_subnational_Chechnya_age_distribution_18.csv,2010.0
Russia_subnational_Chechnya_age_distribution_85.csv,2010.0
Russia_subnational_Chelyabinsk_Oblast_age_distribution_18.csv,2010.0
Russia_subnational_Chelyabinsk_Oblast_age_distribution_85.csv,2010.0
Russia_subnational_Chukotka_age_distribution_18.csv,2010.0
Russia_subnational_Chukotka_age_distribution_85.csv,2010.0
Russia_subnational_Chuvashia_age_distribution_18.csv,2010.0
Russia_subnational_Chuvashia_age_distribution_85.csv,2010.0
Russia_subnational_Dagestan_age_distribution_18.csv,2010.0
Russia_subnational_Dagestan_age_distribution_85.csv,2010.0
Russia_subnational_Ingushetia_age_distribution_18.csv,2010.0
Russia_subnational_Ingushetia_age_distribution_85.csv,2010.0
Russia_subnational_Irkutsk_Oblast_age_distribution_18.csv,2010.0
Russia_subnational_Irkutsk_Oblast_age_distribution_85.csv,2010.0
Russia_subnational_Ivanovo_Oblast_age_distribution_18.csv,2010.0
Russia_subnational_Ivanovo_Oblast_age_distribution_85.csv,2010.0
Russia_subnational_Jewish_Autonomous_Oblast_age_distribution_18.csv,2010.0
Russia_subnational_Jewish_Autonomous_Oblast_age_distribution_85.csv,2010.0
Russia_subnational_Kabardino_Balkaria_age_distribution_18.csv,2010.0
Russia_subnational_Kabardino_Balkaria_age_distribution_85.csv,2010.0
Russia_subnational_Kaliningrad_Oblast_age_distribution_18.csv,2010.0
Russia_subnational_Kaliningrad_Oblast_age_distribution_85.csv,2010.0
Russia_subnational_Kalmykia_age_distribution_18.csv,2010.0
Russia_subnational_Kalmykia_age_distribution_85.csv,2010.0
Russia_subnational_Kaluga_Oblast_age_distribution_18.csv,2010.0
Russia_subnational_Kaluga_Oblast_age_distribution_85.csv,2010.0
Russia_subnational_Kamchatka_Krai_age_distribution_18.csv,2010.0
Russia_subnational_Kamchatka_Krai_age_distribution_85.csv,2010.0
Russia_subnational_Karachay_Cherkessia_age_distribution_18.csv,2010.0
Russia_subnational_Karachay_Cherkessia_age_distribution_85.csv,2010.0
Russia_subnational_Karelia_age_distribution_18.csv,2010.0
Russia_subnational_Karelia_age_distribution_85.csv,2010.0
Russia_subnational_Kemerovo_Oblast_age_distribution_18.csv,2010.0
Russia_subnational_Kemerovo_Oblast_age_distribution_85.csv,2010.0
Russia_subnational_Khabarovsk_Krai_age_distribution_18.csv,2010.0
Russia_subnational_Khabarovsk_Krai_age_distribution_85.csv,2010.0
Russia_subnational_Khakassia_age_distribution_18.csv,2010.0
Russia_subnational_Khakassia_age_distribution_85.csv,2010.0
Russia_subnational_Khanty_Mansi_Autonomous_Okrug_age_distribution_18.csv,2010.0
Russia_subnational_Khanty_Mansi_Autonomous_Okrug_age_distribution_85.csv,2010.0
Russia_subnational_Kirov_Oblast_age_distribution_18.csv,2010.0
Russia_subnational_Kirov_Oblast_age_distribution_85.csv,2010.0
Russia_subnational_Komi_Republic_age_distribution_18.csv,2010.0
Russia_subnational_Komi_Republic_age_distribution_85.csv,2010.0
Russia_subnational_Kostroma_Oblast_age_distribution_18.csv,2010.0
Russia_subnational_Kostroma_Oblast_age_distribution_85.csv,2010.0
Russia_subnational_Krasnodar_Krai_age_distribution_18.csv,2010.0
Russia_subnational_Krasnodar_Krai_age_distribution_85.csv,2010.0
Russia_subnational_Krasnoyarsk_Krai_age_distribution_18.csv,2010.0
Russia_subnational_Krasnoyarsk_Krai_age_distribution_85.csv,2010.0
Russia_subnational_Kurgan_Oblast_age_distribution_18.csv,2010.0
Russia_subnational_Kurgan_Oblast_age_distribution_85.csv,2010.0
Russia_subnational_Kursk_Oblast_age_distribution_18.csv,2010.0
Russia_subnational_Kursk_Oblast_age_distribution_85.csv,2010.0
Russia_subnational_Leningrad_Oblast_age_distribution_18.csv,2010.0
Russia_subnational_Leningrad_Oblast_age_distribution_85.csv,2010.0
Russia_subnational_Lipetsk_Oblast_age_distribution_18.csv,2010.0
Russia_subnational_Lipetsk_Oblast_age_distribution_85.csv,2010.0
Russia_subnational_Magadan_Oblast_age_distribution_18.csv,2010.0
Russia_subnational_Magadan_Oblast_age_distribution_85.csv,2010.0
Russia_subnational_Mari_El_age_distribution_18.csv,2010.0
Russia_subnational_Mari_El_age_distribution_85.csv,2010.0
Russia_subnational_Mordovia_age_distribution_18.csv,2010.0
Russia_subnational_Mordovia_age_distribution_85.csv,2010.0
Russia_subnational_Moscow_Oblast_age_distribution_18.csv,2010.0
Russia_subnational_Moscow_Oblast_age_distribution_85.csv,2010.0
Russia_subnational_Moscow_age_distribution_18.csv,2010.0
Russia_subnational_Moscow_age_distribution_85.csv,2010.0
Russia_subnational_Murmansk_Oblast_age_distribution_18.csv,2010.0
Russia_subnational_Murmansk_Oblast_age_distribution_85.csv,2010.0
Russia_subnational_Nenets_Autonomous_Okrug_age_distribution_18.csv,2010.0
Russia_subnational_Nenets_Autonomous_Okrug_age_distribution_85.csv,2010.0
Russia_subnational_Nizhny_Novgorod_Oblast_age_distribution_18.csv,2010.0
Russia_subnational_Nizhny_Novgorod_Oblast_age_distribution_85.csv,2010.0
Russia_subnational_North_Ossetia_Alania_age_distribution_18.csv,2010.0
Russia_subnational_North_Ossetia_Alania_age_distribution_85.csv,2010.0
Russia_subnational_Novgorod_Oblast_age_distribution_18.csv,2010.0
Russia_subnational_Novgorod_Oblast_age_distribution_85.csv,2010.0
Russia_subnational_Novosibirsk_Oblast_age_distribution_18.csv,2010.0
Russia_subnational_Novosibirsk_Oblast_age_distribution_85.csv,2010.0
Russia_subnational_Omsk_Oblast_age_distribution_18.csv,2010.0
Russia_subnational_Omsk_Oblast_age_distribution_85.csv,2010.0
Russia_subnational_Orenburg_Oblast_age_distribution_18.csv,2010.0
Russia_subnational_Orenburg_Oblast_age_distribution_85.csv,2010.0
Russia_subnational_Oryol_Oblast_age_distribution_18.csv,2010.0
Russia_subnational_Oryol_Oblast_age_distribution_85.csv,2010.0
Russia_subnational_Penza_Oblast_age_distribution_18.csv,2010.0
Russia_subnational_Penza_Oblast_age_distribution_85.csv,2010.0
Russia_subnational_Perm_Krai_age_distribution_18.csv,2010.0
Russia_subnational_Perm_Krai_age_distribution_85.csv,2010.0
Russia_subnational_Primorsky_Krai_age_distribution_18.csv,2010.0
Russia_subnational_Primorsky_Krai_age_distribution_85.csv,2010.0
Russia_subnational_Pskov_Oblast_age_distribution_18.csv,2010.0
Russia_subnational_Pskov_Oblast_age_distribution_85.csv,2010.0
Russia_subnational_Rostov_Oblast_age_distribution_18.csv,2010.0
Russia_subnational_Rostov_Oblast_age_distribution_85.csv,2010.0
Russia_subnational_Russian_Federation_age_distribution_85.csv,2010.0
Russia_subnational_Ryazan_Oblast_age_distribution_18.csv,2010.0
Russia_subnational_Ryazan_Oblast_age_distribution_85.csv,2010.0
Russia_subnational_Sakha_age_distribution_18.csv,2010.0
Russia_subnational_Sakha_age_distribution_85.csv,2010.0
Russia_subnational_Sakhalin_Oblast_age_distribution_18.csv,2010.0
Russia_subnational_Sakhalin_Oblast_age_distribution_85.csv,2010.0
Russia_subnational_Samara_Oblast_age_distribution_18.csv,2010.0
Russia_subnational_Samara_Oblast_age_distribution_85.csv,2010.0
Russia_subnational_Saratov_Oblast_age_distribution_18.csv,2010.0
Russia_subnational_Saratov_Oblast_age_distribution_85.csv,2010.0
Russia_subnational_Smolensk_Oblast_age_distribution_18.csv,2010.0
Russia_subnational_Smolensk_Oblast_age_distribution_85.csv,2010.0
Russia_subnational_St._Petersburg_age_distribution_18.csv,2010.0
Russia_subnational_St._Petersburg_age_distribution_85.csv,2010.0
Russia_subnational_Stavropol_Krai_age_distribution_18.csv,2010.0
Russia_subnational_Stavropol_Krai_age_distribution_85.csv,2010.0
Russia_subnational_Sverdlovsk_Oblast_age_distribution_18.csv,2010.0
Russia_subnational_Sverdlovsk_Oblast_age_distribution_85.csv,2010.0
Russia_subnational_Tambov_Oblast_age_distribution_18.csv,2010.0
Russia_subnational_Tambov_Oblast_age_distribution_85.csv,2010.0
Russia_subnational_Tatarstan_age_distribution_18.csv,2010.0
Russia_subnational_Tatarstan_age_distribution_85.csv,2010.0
Russia_subnational_Tomsk_Oblast_age_distribution_18.csv,2010.0
Russia_subnational_Tomsk_Oblast_age_distribution_85.csv,2010.0
Russia_subnational_Tula_Oblast_age_distribution_18.csv,2010.0
Russia_subnational_Tula_Oblast_age_distribution_85.csv,2010.0
Russia_subnational_Tuva_age_distribution_18.csv,2010.0
Russia_subnational_Tuva_age_distribution_85.csv,2010.0
Russia_subnational_Tver_Oblast_age_distribution_18.csv,2010.0
Russia_subnational_Tver_Oblast_age_distribution_85.csv,2010.0
Russia_subnational_Tyumen_Oblast_age_distribution_18.csv,2010.0
Russia_subnational_Tyumen_Oblast_age_distribution_85.csv,2010.0
Russia_subnational_Udmurtia_age_distribution_18.csv,2010.0
Russia_subnational_Udmurtia_age_distribution_85.csv,2010.0
Russia_subnational_Ulyanovsk_Oblast_age_distribution_18.csv,2010.0
Russia_subnational_Ulyanovsk_Oblast_age_distribution_85.csv,2010.0
Russia_subnational_Vladimir_Oblast_age_distribution_18.csv,2010.0
Russia_subnational_Vladimir_Oblast_age_distribution_85.csv,2010.0
Russia_subnational_Volgograd_Oblast_age_distribution_18.csv,2010.0
Russia_subnational_Volgograd_Oblast_age_distribution_85.csv,2010.0
Russia_subnational_Vologda_Oblast_age_distribution_18.csv,2010.0
Russia_subnational_Vologda_Oblast_age_distribution_85.csv,2010.0
Russia_subnational_Voronezh_Oblast_age_distribution_18.csv,2010.0
Russia_subnational_Voronezh_Oblast_age_distribution_85.csv,2010.0
Russia_subnational_Yamalo_Nenets_Autonomous_Okrug_age_distribution_18.csv,2010.0
Russia_subnational_Yamalo_Nenets_Autonomous_Okrug_age_distribution_85.csv,2010.0
Russia_subnational_Yaroslavl_Oblast_age_distribution_18.csv,2010.0
Russia_subnational_Yaroslavl_Oblast_age_distribution_85.csv,2010.0
Russia_subnational_Zabaykalsky_Krai_age_distribution_18.csv,2010.0
Russia_subnational_Zabaykalsky_Krai_age_distribution_85.csv,2010.0
Slovakia_country_level_age_distribution_18.csv,2011.0
Slovakia_country_level_age_distribution_85.csv,2011.0
Slovenia_country_level_age_distribution_18.csv,2011.0
Slovenia_country_level_age_distribution_85.csv,2011.0
South_Africa_country_level_age_distribution_85.csv,2011.0
South_Africa_subnational_Eastern_Cape_age_distribution_18.csv,2011.0
South_Africa_subnational_Eastern_Cape_age_distribution_85.csv,2011.0
South_Africa_subnational_Free_State_age_distribution_18.csv,2011.0
South_Africa_subnational_Free_State_age_distribution_85.csv,2011.0
South_Africa_subnational_Gauteng_age_distribution_18.csv,2011.0
South_Africa_subnational_Gauteng_age_distribution_85.csv,2011.0
South_Africa_subnational_KwaZulu-Natal_age_distribution_18.csv,2011.0
South_Africa_subnational_KwaZulu-Natal_age_distribution_85.csv,2011.0
South_Africa_subnational_Limpopo_age_distribution_18.csv,2011.0
South_Africa_subnational_Limpopo_age_distribution_85.csv,2011.0
South_Africa_subnational_Mpumalanga_age_distribution_18.csv,2011.0
South_Africa_subnational_Mpumalanga_age_distribution_85.csv,2011.0
South_Africa_subnational_North_West_age_distribution_18.csv,2011.0
South_Africa_subnational_North_West_age_distribution_85.csv,2011.0
South_Africa_subnational_Northern_Cape_age_distribution_18.csv,2011.0
South_Africa_subnational_Northern_Cape_age_distribution_85.csv,2011.0
South_Africa_subnational_Western_Cape_age_distribution_18.csv,2011.0
South_Africa_subnational_Western_Cape_age_distribution_85.csv,2011.0
Spain_country_level_age_distribution_18.csv,2011.0
Spain_country_level_age_distribution_85.csv,2011.0
Sweden_country_level_age_distribution_18.csv,2011.0
Sweden_country_level_age_distribution_85.csv,2011.0
Switzerland_country_level_age_distribution_18.csv,2011.0
Switzerland_country_level_age_distribution_85.csv,2011.0
United-Kingdom_country_level_age_distribution_18.csv,2011.0
United-Kingdom_country_level_age_distribution_85.csv,2011.0
United_States_country_level_age_distribution_85.csv,2010.0
United_States_subnational_Alabama_age_distribution_18.csv,2010.0
United_States_subnational_Alabama_age_distribution_85.csv,2010.0
United_States_subnational_Alaska_age_distribution_18.csv,2010.0
United_States_subnational_Alaska_age_distribution_85.csv,2010.0
United_States_subnational_Arizona_age_distribution_18.csv,2010.0
United_States_subnational_Arizona_age_distribution_85.csv,2010.0
United_States_subnational_Arkansas_age_distribution_18.csv,2010.0
United_States_subnational_Arkansas_age_distribution_85.csv,2010.0
United_States_subnational_California_age_distribution_18.csv,2010.0
United_States_subnational_California_age_distribution_85.csv,2010.0
United_States_subnational_Colorado_age_distribution_18.csv,2010.0
United_States_subnational_Colorado_age_distribution_85.csv,2010.0
United_States_subnational_Connecticut_age_distribution_18.csv,2010.0
United_States_subnational_Connecticut_age_distribution_85.csv,2010.0
United_States_subnational_Delaware_age_distribution_18.csv,2010.0
United_States_subnational_Delaware_age_distribution_85.csv,2010.0
United_States_subnational_District_of_Columbia_age_distribution_18.csv,2010.0
United_States_subnational_District_of_Columbia_age_distribution_85.csv,2010.0
United_States_subnational_Florida_age_distribution_18.csv,2010.0
United_States_subnational_Florida_age_distribution_85.csv,2010.0
United_States_subnational_Georgia_age_distribution_18.csv,2010.0
United_States_subnational_Georgia_age_distribution_85.csv,2010.0
United_States_subnational_Hawaii_age_distribution_18.csv,2010.0
United_States_subnational_Hawaii_age_distribution_85.csv,2010.0
United_States_subnational_Idaho_age_distribution_18.csv,2010.0
United_States_subnational_Idaho_age_distribution_85.csv,2010.0
United_States_subnational_Illinois_age_distribution_18.csv,2010.0
United_States_subnational_Illinois_age_distribution_85.csv,2010.0
United_States_subnational_Indiana_age_distribution_18.csv,2010.0
United_States_subnational_Indiana_age_distribution_85.csv,2010.0
United_States_subnational_Iowa_age_distribution_18.csv,2010.0
United_States_subnational_Iowa_age_distribution_85.csv,2010.0
United_States_subnational_Kansas_age_distribution_18.csv,2010.0
United_States_subnational_Kansas_age_distribution_85.csv,2010.0
United_States_subnational_Kentucky_age_distribution_18.csv,2010.0
United_States_subnational_Kentucky_age_distribution_85.csv,2010.0
United_States_subnational_Louisiana_age_distribution_18.csv,2010.0
United_States_subnational_Louisiana_age_distribution_85.csv,2010.0
United_States_subnational_Maine_age_distribution_18.csv,2010.0
United_States_subnational_Maine_age_distribution_85.csv,2010.0
United_States_subnational_Maryland_age_distribution_18.csv,2010.0
United_States_subnational_Maryland_age_distribution_85.csv,2010.0
United_States_subnational_Massachusetts_age_distribution_18.csv,2010.0
United_States_subnational_Massachusetts_age_distribution_85.csv,2010.0
United_States_subnational_Michigan_age_distribution_18.csv,2010.0
United_States_subnational_Michigan_age_distribution_85.csv,2010.0
United_States_subnational_Minnesota_age_distribution_18.csv,2010.0
United_States_subnational_Minnesota_age_distribution_85.csv,2010.0
United_States_subnational_Mississippi_age_distribution_18.csv,2010.0
United_States_subnational_Mississippi_age_distribution_85.csv,2010.0
United_States_subnational_Missouri_age_distribution_18.csv,2010.0
United_States_subnational_Missouri_age_distribution_85.csv,2010.0
United_States_subnational_Montana_age_distribution_18.csv,2010.0
United_States_subnational_Montana_age_distribution_85.csv,2010.0
United_States_subnational_Nebraska_age_distribution_18.csv,2010.0
United_States_subnational_Nebraska_age_distribution_85.csv,2010.0
United_States_subnational_Nevada_age_distribution_18.csv,2010.0
United_States_subnational_Nevada_age_distribution_85.csv,2010.0
United_States_subnational_New_Hampshire_age_distribution_18.csv,2010.0
United_States_subnational_New_Hampshire_age_distribution_85.csv,2010.0
United_States_subnational_New_Jersey_age_distribution_18.csv,2010.0
United_States_subnational_New_Jersey_age_distribution_85.csv,2010.0
United_States_subnational_New_Mexico_age_distribution_18.csv,2010.0
United_States_subnational_New_Mexico_age_distribution_85.csv,2010.0
United_States_subnational_New_York_age_distribution_18.csv,2010.0
United_States_subnational_New_York_age_distribution_85.csv,2010.0
United_States_subnational_North_Carolina_age_distribution_18.csv,2010.0
United_States_subnational_North_Carolina_age_distribution_85.csv,2010.0
United_States_subnational_North_Dakota_age_distribution_18.csv,2010.0
United_States_subnational_North_Dakota_age_distribution_85.csv,2010.0
United_States_subnational_Ohio_age_distribution_18.csv,2010.0
United_States_subnational_Ohio_age_distribution_85.csv,2010.0
United_States_subnational_Oklahoma_age_distribution_18.csv,2010.0
United_States_subnational_Oklahoma_age_distribution_85.csv,2010.0
United_States_subnational_Oregon_age_distribution_18.csv,2010.0
United_States_subnational_Oregon_age_distribution_85.csv,2010.0
United_States_subnational_Pennsylvania_age_distribution_18.csv,2010.0
United_States_subnational_Pennsylvania_age_distribution_85.csv,2010.0
United_States_subnational_Puerto_Rico_age_distribution_18.csv,2010.0
United_States_subnational_Puerto_Rico_age_distribution_85.csv,2010.0
United_States_subnational_Rhode_Island_age_distribution_18.csv,2010.0
United_States_subnational_Rhode_Island_age_distribution_85.csv,2010.0
United_States_subnational_South_Carolina_age_distribution_18.csv,2010.0
United_States_subnational_South_Carolina_age_distribution_85.csv,2010.0
United_States_subnational_South_Dakota_age_distribution_18.csv,2010.0
United_States_subnational_South_Dakota_age_distribution_85.csv,2010.0
United_States_subnational_Tennessee_age_distribution_18.csv,2010.0
United_States_subnational_Tennessee_age_distribution_85.csv,2010.0
United_States_subnational_Texas_age_distribution_18.csv,2010.0
United_States_subnational_Texas_age_distribution_85.csv,2010.0
United_States_subnational_Utah_age_distribution_18.csv,2010.0
United_States_subnational_Utah_age_distribution_85.csv,2010.0
United_States_subnational_Vermont_age_distribution_18.csv,2010.0
United_States_subnational_Vermont_age_distribution_85.csv,2010.0
United_States_subnational_Virginia_age_distribution_18.csv,2010.0
United_States_subnational_Virginia_age_distribution_85.csv,2010.0
United_States_subnational_Washington_age_distribution_18.csv,2010.0
United_States_subnational_Washington_age_distribution_85.csv,2010.0
United_States_subnational_West_Virginia_age_distribution_18.csv,2010.0
United_States_subnational_West_Virginia_age_distribution_85.csv,2010.0
United_States_subnational_Wisconsin_age_distribution_18.csv,2010.0
United_States_subnational_Wisconsin_age_distribution_85.csv,2010.0
United_States_subnational_Wyoming_age_distribution_18.csv,2010.0
United_States_subnational_Wyoming_age_distribution_85.csv,2010.0
